quote,url,archive_url,date,venue,theme,signal_type
I've never heard of this site before and seems likely to be something fishy about it because I can't search any further info on it. I've registered with my ID but haven't invested on anything yet.,https://www.reddit.com/r/Scams/comments/1ujsmi4/,,2026-06-30,Reddit r/Scams,checking firehose,checking_behavior
"I downloaded an app from the store, this investing app called Quick Earn about 3 weeks ago after seeing ads everywhere on both social media platforms. It looked totally normal with good reviews.",https://www.reddit.com/r/BitcoinBeginners/comments/1t46o5f/,,2026-05-05,Reddit r/BitcoinBeginners,checking firehose,checking_behavior
"Hi there, I have no recollection of buying Bitcoin, but in the phone they knew my name and had me log in to summ.com, which seems to be a legit site.",https://www.reddit.com/r/BitcoinBeginners/comments/1r33383/,,2026-02-12,Reddit r/BitcoinBeginners,checking firehose,checking_behavior
"Inside my Trezor, there's just Changelly, listed as partner to use. But I'm not sure if I should do it. The sum is significant for me. […] Idk if I should push the button.",https://www.reddit.com/r/BitcoinBeginners/comments/1udpmpt/,,2026-06-23,Reddit r/BitcoinBeginners,checking firehose,checking_behavior
Is this a legit website? My mom wanted to start an LLC but this site just keeps charging her credit card.,https://www.reddit.com/r/Scams/comments/1v36c41/,,2026-07-22,Reddit r/Scams,checking firehose,checking_behavior
"Removing post because you've never responded to our two requests to provide the URL/domain name (despite being active on Reddit in the days since then), which is a requirement in this sub. Too bad you chose not to help future potential victims :(",https://www.reddit.com/r/Scams/comments/1ujsmi4/comment/ovk4tuq/,,2026-07-04,Reddit r/Scams,checking firehose,checking_behavior
"google is such a clown company, like how is it even possible for them not to be able to detected a phishing website with all their resources and AI shit. not only are they taking money for the ad, it's hosted on their own servers.",https://bitcointalk.org/index.php?topic=5590655.msg67020859#msg67020859,,2026-08-07,Bitcointalk Scam Accusations,search is the attack surface,tool_complaint
"just this phishing ad alone looks to have been active for 2 days, and they have stolen 24BTC with it so far",https://bitcointalk.org/index.php?topic=5590655.msg67020958#msg67020958,,2026-08-07,Bitcointalk Scam Accusations,search is the attack surface,tool_complaint
It shows up on Bing too. Number 2 in the result search list. Crazy,https://bitcointalk.org/index.php?topic=5590522.msg67018392#msg67018392,,2026-08-06,Bitcointalk Scam Accusations,search is the attack surface,tool_complaint
"Unfortunately, newbies or beginners won't know the exact domain name at first",https://bitcointalk.org/index.php?topic=5590522.msg67018392#msg67018392,,2026-08-06,Bitcointalk Scam Accusations,search is the attack surface,checking_behavior
It's been happening for years and they have never filter an ad unless they're reported. The best thing to do with the effort of the community is to report it manually,https://bitcointalk.org/index.php?topic=5590655.msg67031491#msg67031491,,2026-08-10,Bitcointalk Scam Accusations,search is the attack surface,tool_complaint
"there is no indication that anything happened, other than a confirmation number being spit out on a web page that my report had been received. That's why I made the ""black hole"" comment earlier.",https://news.ycombinator.com/item?id=47793430,,2026-04-16,Hacker News,reporting black hole,tool_complaint
"I'd still report to IC3/FBI/powers that be, too. Just in case someone somewhere has the resources to do something… perhaps a high hope",https://news.ycombinator.com/item?id=48546976,,2026-06-15,Hacker News,reporting black hole,tool_complaint
Has anyone ever filed a complaint with the FBI's online crime division and had any sort of success?,https://www.reddit.com/r/CryptoScams/comments/1e8vuzk/,,2024-07-21,Reddit r/CryptoScams,reporting black hole,tool_complaint
Yes I filed a report with the FBI and other federal agencies. I was interviewed by the FBI and showed them all my documents. They never promised me anything. It has been nine months and I haven't heard anything.,https://www.reddit.com/r/CryptoScams/comments/1e8vuzk/comment/leec6vv/,,2024-07-22,Reddit r/CryptoScams,reporting black hole,tool_complaint
"As per NPR's Morning Edition on July 7th, the FBI receives on average 2,400 scam reports.  Per day.",https://www.reddit.com/r/CryptoScams/comments/1e8vuzk/comment/leh7oii/,,2024-07-22,Reddit r/CryptoScams,reporting black hole,tool_complaint
"Police do nothing, scams continue until something breaks.",https://news.ycombinator.com/item?id=45266393,,2025-09-16,Hacker News,reporting black hole,tool_complaint
I submitted a complaint to the IC3 with lots of details and documentation and I got a phone call 3 days later and they were able to freeze the USDT coins.,https://www.reddit.com/r/CryptoScams/comments/1e8vuzk/comment/mswep20/,,2025-05-18,Reddit r/CryptoScams,invisible wins,tool_complaint
I filed the FBI's ic3 form. I was told that no one would be getting back to me unless information was needed! Well I guess I didn't like that!,https://www.reddit.com/r/CryptoScams/comments/1e8vuzk/comment/mq56vzk/,,2025-05-02,Reddit r/CryptoScams,invisible wins,tool_complaint
"I have heard that those reports do get reviewed and often acted on, but yes, you will typically never hear back from them.",https://news.ycombinator.com/item?id=47793181,,2026-04-16,Hacker News,invisible wins,tool_complaint
"I gave up on trying to report abuse to Google, Amazon or Microsoft. It seems reports simply get ignored and the big providers do nothing.",https://news.ycombinator.com/item?id=47790742,,2026-04-16,Hacker News,platform reporting futility,tool_complaint
"Same scammer/person has created thousands of gmail accounts and Google doesn't care. I have reported this to Google. For the amount of info Google has on people, trivial for them to prevent some of this.",https://news.ycombinator.com/item?id=47793764,,2026-04-16,Hacker News,platform reporting futility,tool_complaint
"On YouTube I reported bot accounts for a couple days, the only reaction I got was that at some point it showed a popup that told me too many false reports would lead to a ban.",https://news.ycombinator.com/item?id=47790940,https://web.archive.org/web/20260811162448/https://news.ycombinator.com/item?id=47790940,2026-04-16,Hacker News,platform reporting futility,tool_complaint
"Scamadviser gave it a high trust rating, which gave me a false sense of security about trading on the Dex Network.",https://www.reddit.com/r/CryptoScams/comments/1flfrwy/,https://web.archive.org/web/20260811162734/https://www.reddit.com/r/CryptoScams/comments/1flfrwy/,2024-09-20,Reddit r/CryptoScams,checkers wrong both directions,tool_complaint
"1 of the 19 websites given a Trustscore of 91/100. (Green) ""The trust rating is high. Might be safe."" […] Please note that I have POSITIVELY identified each and every one of these websites as fraudulent.",https://www.reddit.com/r/CryptoScams/comments/1flfrwy/,https://web.archive.org/web/20260811162734/https://www.reddit.com/r/CryptoScams/comments/1flfrwy/,2024-09-20,Reddit r/CryptoScams,checkers wrong both directions,tool_complaint
"I just used it and it showed my own website a possible scam, and I'm here to ya it's not a scam. I build violins and I sell em. Simple as that.",https://www.reddit.com/r/CryptoScams/comments/1flfrwy/comment/mbeyvmf/,https://web.archive.org/web/20260811162839/https://www.reddit.com/r/CryptoScams/comments/1flfrwy/comment/mbeyvmf/,2025-02-07,Reddit r/CryptoScams,checkers wrong both directions,tool_complaint
"[India]Is winxfortune.com legit? ScamAdviser shows ""Likely Safe"" but multiple red flags",https://www.reddit.com/r/CryptoScams/comments/1qhxw5l/,https://web.archive.org/web/20260811163137/https://www.reddit.com/r/CryptoScams/comments/1qhxw5l/,2026-01-20,Reddit r/CryptoScams,checkers wrong both directions,tool_complaint
red-lang.org is blocked! Phantom believes this website is malicious and unsafe to use. This site has been flagged as part of a community-maintained database of known phishing websites and scams.,https://news.ycombinator.com/item?id=44047312,,2025-05-21,Hacker News,checkers wrong both directions,tool_complaint
"people take false negatives as proof that things are OK, rather than treating it as just one of many signals",https://news.ycombinator.com/item?id=43304646,,2025-03-08,Hacker News,checkers wrong both directions,tool_complaint
under a ton of websites i've looked for under scamadvisor have TONS of fake reviews that bypass the autofilter.,https://www.reddit.com/r/CryptoScams/comments/1flfrwy/comment/mskbqo5/,,2025-05-16,Reddit r/CryptoScams,checkers as scam vectors,tool_complaint
"I was just looking at Scamadviser today for another reason, and it is FILLED with reviews promoting recovery scammers!",https://www.reddit.com/r/CryptoScams/comments/1flfrwy/comment/mskee1v/,https://web.archive.org/web/20260811163802/https://www.reddit.com/r/CryptoScams/comments/1flfrwy/comment/mskee1v/,2025-05-16,Reddit r/CryptoScams,checkers as scam vectors,tool_complaint
"I filled out their form, which took me about 45 minutes to get all the information together, and when I clicked ""Finish"" nothing happened.  My report didn't go through.  What's up with that?",https://www.reddit.com/r/CryptoScams/comments/1flfrwy/comment/mroqxxk/,https://web.archive.org/web/20260811164214/https://www.reddit.com/r/CryptoScams/comments/1flfrwy/comment/mroqxxk/,2025-05-11,Reddit r/CryptoScams,checkers as scam vectors,tool_complaint
"When I tried to report more than one site, they blocked me and accused me of being a scammer.  Seriously?!?",https://www.reddit.com/r/CryptoScams/comments/1flfrwy/comment/mrozn1s/,,2025-05-11,Reddit r/CryptoScams,checkers as scam vectors,tool_complaint
"[US] ScamAdviser.com is a huge scam that is damaging the reputation of small businesses, appear to be extortion tactics.",https://www.reddit.com/r/Scams/comments/1rzyrvq/,https://web.archive.org/web/20260811164534/https://www.reddit.com/r/Scams/comments/1rzyrvq/,2026-03-21,Reddit r/Scams,checkers as scam vectors,tool_complaint
"it contributes to the illusion that you just need to avoid the blacklist to be safe. While new names are being registered hourly, and it's the schemes themselves you should avoid.",https://www.reddit.com/r/CryptoScams/comments/1kp0oaw/comment/msxo8if/,https://web.archive.org/web/20260811164938/https://www.reddit.com/r/CryptoScams/comments/1kp0oaw/comment/msxo8if/,2025-05-18,Reddit r/CryptoScams,checkers as scam vectors,tool_complaint
"Why report it on chainabuse? Because this data gets shared with law enforcement and crucially, many of the main exchanges that folks use can also see this data.",https://www.reddit.com/r/CryptoScams/comments/1ve8p8r/,,2026-08-03,Reddit r/CryptoScams,chainabuse gap,tool_complaint
"Under user review,  some of them said they got their money back from the scammer after reporting their case to Chainabuse. Has anybody used Chainabuse to report the crypto scam? Is that real that you can get your crypto back ?",https://www.reddit.com/r/CryptoScams/comments/1kp0oaw/,,2025-05-17,Reddit r/CryptoScams,chainabuse gap,checking_behavior
"whoever might be saying a clear scam site ""returned my funds after reporting them"" is clearly part of the scam. But likely you are looking at some copy of the official site",https://www.reddit.com/r/CryptoScams/comments/1kp0oaw/comment/msuz5b1/,,2025-05-17,Reddit r/CryptoScams,chainabuse gap,tool_complaint
"The .report domain doesn't even load, and the .com domain has their Twitter replies disabled.",https://www.reddit.com/r/CryptoScams/comments/1kp0oaw/comment/msu8e7f/,,2025-05-17,Reddit r/CryptoScams,chainabuse gap,tool_complaint
Report the wallet address on Chainabuse and CryptoScamDB so it gets flagged in scam databases used by exchanges and investigators,https://www.reddit.com/r/CryptoScams/comments/1tyk6t6/,,2026-06-06,Reddit r/CryptoScams,chainabuse gap,reporter_motivation
Tired to search on here and got nothing.,https://www.reddit.com/r/CryptoScams/comments/1pxgzv6/,,2025-12-28,Reddit r/CryptoScams,chainabuse gap,checking_behavior
"Scamming those who have been scammed already, those scammers dont even have a single conscience in them at all.",https://bitcointalk.org/index.php?topic=5590727.msg67024299#msg67024299,,2026-08-08,Bitcointalk Scam Accusations,recovery-scam colonization,tool_complaint
"Hope he will can resolve your problem too, you can contact him on telegram 𝐒𝐓𝐂𝐑𝐄𝐂𝐎𝐕𝐄𝐑𝐘",https://www.reddit.com/r/CryptoScams/comments/1e8vuzk/comment/lenwhjm/,,2024-07-24,Reddit r/CryptoScams,recovery-scam colonization,tool_complaint
"Unfortunately, no hacker online can get back what you've lost. Please watch out for recovery scams, a follow-up scam done after victims have fallen for",https://www.reddit.com/r/CryptoScams/comments/1ve8p8r/comment/p1eyq0w/,,2026-08-03,Reddit r/CryptoScams (AutoModerator),recovery-scam colonization,tool_complaint
Never pay for services that claim to retrieve your stolen crypto. The likelihood of you getting scammed out of more money is higher than the chances of getting your investment back.,https://www.reddit.com/r/CryptoScams/comments/1e8vuzk/comment/lenq5lf/,,2024-07-24,Reddit r/CryptoScams,recovery-scam colonization,tool_complaint
"You know how would this be extremely useful? If it was built into the browsers (like the deceptive website warning) and into chat apps - and it would warn real time, as the scam happens.",https://news.ycombinator.com/item?id=42133768,,2024-11-14,Hacker News,wish list,wish_statement
There should probably be a way to appeal something that is blacklisted in the database just as there is a way to report.,https://news.ycombinator.com/item?id=14928893,,2017-08-04,Hacker News,wish list,wish_statement
Getting trusted members of the community and having good transparency/governance on this kind of platform is key for it to take off.,https://news.ycombinator.com/item?id=14929344,,2017-08-04,Hacker News,wish list,wish_statement
It should be the opposite: ethernotscamdb. In crypto you need to assume everything is a scan until proven innocent.,https://news.ycombinator.com/item?id=14930110,,2017-08-04,Hacker News,wish list,wish_statement
after being burned one to many times I decided to embark on a mission to create the worlds largest searchable scam database. So far we have just over 100 scams but are hoping to grow to a 1000 by year end.,https://www.reddit.com/r/CryptoScams/comments/1oem9gu/,,2025-10-24,Reddit r/CryptoScams,wish list,wish_statement
"If the IC3 portal highlighted specific cases or stats (""thanks to reports submitted to IC3, n investigations were initiated/suspects charged/convictions secured"") that would really help convince ordinary victims",https://news.ycombinator.com/item?id=47793430,,2026-04-16,Hacker News,wish list,wish_statement
I know I'm dumb but let me put this out so no one else falls for it.,https://www.reddit.com/r/Scams/comments/1vf15lt/,,2026-08-04,Reddit r/Scams,reporter motivations,reporter_motivation
"I wanted to share this because I feel pretty stupid, but maybe it'll help someone else.",https://www.reddit.com/r/Scams/comments/1uhd58f/,,2026-06-27,Reddit r/Scams,reporter motivations,reporter_motivation
"I realize there's probably little chance of recovering the money, but I did create a Craigslist listing modeled after his to warn others that it's a scam.",https://www.reddit.com/r/Scams/comments/1v87hbv/,,2026-07-27,Reddit r/Scams,reporter motivations,reporter_motivation
"I'm not posting this because I expect to recover my money. I'm posting it because if someone searches for phrases like ""task job"", ""bulk purchase"", ""complete tasks before withdrawal"", or the names used by these scammers, I hope they find this thread before sending any money.",https://www.reddit.com/r/Scams/comments/1ukqfd6/,,2026-07-01,Reddit r/Scams,reporter motivations,reporter_motivation
I'm posting to warn others and to hear from anyone affected by the same people or the same method.,https://www.reddit.com/r/Scams/comments/1uzlr6a/,,2026-07-18,Reddit r/Scams,reporter motivations,reporter_motivation
"Posting this partly to warn others, partly because I'm genuinely out of ideas on what else to try.",https://www.reddit.com/r/Scams/comments/1v9bvui/,,2026-07-28,Reddit r/Scams,reporter motivations,reporter_motivation
"Just like you all, I am completely embarrassed, ashamed and depressed. But we need to support one another and report these crimes, no matter how big or small, to the FBI at ic3.gov.",https://www.reddit.com/r/BitcoinBeginners/comments/1s118go/,,2026-03-22,Reddit r/BitcoinBeginners,reporter motivations,reporter_motivation
"You should file a report anyway, if not to recover your money then at least to help build a case that might someday catch the scammers.",https://www.reddit.com/r/CryptoScams/comments/1e8vuzk/comment/leafw0g/,,2024-07-21,Reddit r/CryptoScams,reporter motivations,reporter_motivation
the only way I can help some of my clients reach a resolution is by pairing up their cases with other victims of the same scam -- more money lost = higher chances of IC3 actually paying attention,https://www.reddit.com/r/CryptoScams/comments/1e8vuzk/comment/leasq6m/,,2024-07-21,Reddit r/CryptoScams,reporter motivations,reporter_motivation
The site went offline. […] Scammer disappeared.  Thank you everyone.,https://bitcointalk.org/index.php?topic=5589730.msg67031275#msg67031275,,2026-08-10,Bitcointalk Scam Accusations,reporter motivations,reporter_motivation
This means that three domains promoted by this scammer have now been suspended by the registrar,https://bitcointalk.org/index.php?topic=5590338.msg67029822#msg67029822,,2026-08-10,Bitcointalk Scam Accusations,reporter motivations,reporter_motivation
"i have reported the phishing domain to both the registrar and cloudflare, i hope the domain gets taken down soon. i would encourage others to do the same. it literally only takes a few minutes to send a report email",https://bitcointalk.org/index.php?topic=5590522.msg67016602#msg67016602,,2026-08-06,Bitcointalk Scam Accusations,reporter motivations,reporter_motivation
"Decided to trace where the money went using just Etherscan and CSV exports. No special tools, just following the trail. […] Happy to answer questions about how I traced it.",https://www.reddit.com/r/CryptoScams/comments/1qlw3eq/,,2026-01-24,Reddit r/CryptoScams,reporter motivations,reporter_motivation
